127.0.0.1	127.0.0.1	1	19910611
202.6.95.0	202.6.95.255	1	19910611
202.14.103.0	202.14.103.255	1	19930611
202.14.165.0	202.14.165.255	1	19930728
202.21.0.0	202.21.7.255	8	19930809
202.20.83.0	202.20.83.255	1	19930826
202.20.82.0	202.20.82.255	1	19930826
202.20.84.0	202.20.85.255	2	19930826
202.20.86.0	202.20.86.255	1	19930826
202.20.128.0	202.20.255.255	128	19930901
202.20.99.0	202.20.99.255	1	19930922
202.20.119.0	202.20.119.255	1	19931006
202.30.0.0	202.31.255.255	512	19931013
203.252.0.0	203.255.255.255	1024	19940531
203.248.0.0	203.251.255.255	1024	19941023
203.244.0.0	203.247.255.255	1024	19950222
203.240.0.0	203.243.255.255	1024	19950519
203.224.0.0	203.224.255.255	256	19950824
203.236.0.0	203.239.255.255	1024	19950828
203.225.0.0	203.225.255.255	256	19951214
203.234.0.0	203.235.255.255	512	19960109
203.232.0.0	203.233.255.255	512	19960228
203.226.0.0	203.227.255.255	512	19960505
203.228.0.0	203.229.255.255	512	19960505
203.230.0.0	203.231.255.255	512	19960505
210.124.0.0	210.127.255.255	1024	19960730
210.120.0.0	210.123.255.255	1024	19961126
210.116.0.0	210.119.255.255	1024	19961126
210.108.0.0	210.111.255.255	1024	19970430
210.112.0.0	210.115.255.255	1024	19970430
210.104.0.0	210.107.255.255	1024	19970830
210.100.0.0	210.103.255.255	1024	19971206
210.99.0.0	210.99.255.255	256	19980310
210.97.192.0	210.97.255.255	64	19980323
210.98.0.0	210.98.255.255	256	19980323
210.97.0.0	210.97.127.255	128	19980521
210.97.128.0	210.97.191.255	64	19980521
210.96.0.0	210.96.255.255	256	19980521
210.92.0.0	210.95.255.255	1024	19980915
210.182.0.0	210.183.255.255	512	19981124
210.178.0.0	210.179.255.255	512	19981124
210.180.0.0	210.181.255.255	512	19981124
210.90.0.0	210.91.255.255	512	19990324
210.216.0.0	210.219.255.255	1024	19990324
210.220.0.0	210.223.255.255	1024	19990525
210.204.0.0	210.207.255.255	1024	19990525
211.32.0.0	211.39.255.255	2048	19990827
211.40.0.0	211.51.255.255	3072	19991108
211.52.0.0	211.63.255.255	3072	20000216
211.104.0.0	211.111.255.255	2048	20000414
211.112.0.0	211.119.255.255	2048	20000414
211.168.0.0	211.175.255.255	2048	20000608
211.176.0.0	211.191.255.255	4096	20000608
211.192.0.0	211.199.255.255	2048	20000608
211.200.0.0	211.205.255.255	1536	20000822
211.232.0.0	211.255.255.255	6144	20000908
211.216.0.0	211.225.255.255	2560	20000912
61.72.0.0	61.77.255.255	1536	20001212
211.226.0.0	211.231.255.255	1536	20001212
211.206.0.0	211.211.255.255	1536	20001229
61.96.0.0	61.111.255.255	4096	20010321
61.248.0.0	61.255.255.255	2048	20010321
61.78.0.0	61.79.255.255	512	20010511
61.84.0.0	61.85.255.255	512	20010511
61.80.0.0	61.83.255.255	1024	20010511
211.212.0.0	211.215.255.255	1024	20010615
218.48.0.0	218.49.255.255	512	20010615
218.144.0.0	218.159.255.255	4096	20010925
218.232.0.0	218.233.255.255	512	20011122
218.50.0.0	218.55.255.255	1536	20011122
218.234.0.0	218.239.255.255	1536	20020430
219.240.0.0	219.241.255.255	512	20020430
220.64.0.0	220.71.255.255	2048	20020722
219.248.0.0	219.255.255.255	2048	20020722
218.36.0.0	218.39.255.255	1024	20020722
220.72.0.0	220.91.255.255	5120	20020829
220.92.0.0	220.95.255.255	1024	20021231
220.116.0.0	220.127.255.255	3072	20021231
221.144.0.0	221.168.255.255	6400	20030418
221.138.0.0	221.143.255.255	1536	20030530
150.183.0.0	150.183.255.255	256	20030730
147.6.0.0	147.6.255.255	256	20031024
168.248.0.0	168.249.255.255	512	20031024
222.96.0.0	222.122.255.255	6912	20031027
168.126.0.0	168.126.255.255	256	20040205
129.254.0.0	129.254.255.255	256	20040205
222.232.0.0	222.239.255.255	2048	20040402
134.75.0.0	134.75.255.255	256	20040422
128.134.0.0	128.134.255.255	256	20040525
220.103.0.0	220.103.255.255	256	20040609
220.149.0.0	220.149.255.255	256	20040616
152.149.96.0	152.149.96.255	1	20040623
152.149.97.0	152.149.97.255	1	20040623
152.149.98.0	152.149.98.255	1	20040623
152.149.99.0	152.149.99.255	1	20040623
152.149.100.0	152.149.100.255	1	20040623
152.149.101.0	152.149.101.255	1	20040623
152.149.102.0	152.149.102.255	1	20040623
152.149.103.0	152.149.103.255	1	20040623
152.149.104.0	152.149.104.255	1	20040623
152.149.105.0	152.149.105.255	1	20040623
152.149.106.0	152.149.106.255	1	20040623
152.149.107.0	152.149.107.255	1	20040623
152.149.108.0	152.149.108.255	1	20040623
152.149.0.0	152.149.0.255	1	20040623
152.149.1.0	152.149.1.255	1	20040623
152.149.2.0	152.149.2.255	1	20040623
152.149.3.0	152.149.3.255	1	20040623
152.149.4.0	152.149.4.255	1	20040623
152.149.5.0	152.149.5.255	1	20040623
152.149.6.0	152.149.6.255	1	20040623
152.149.7.0	152.149.7.255	1	20040623
152.149.8.0	152.149.8.255	1	20040623
152.149.9.0	152.149.9.255	1	20040623
152.149.10.0	152.149.10.255	1	20040623
152.149.11.0	152.149.11.255	1	20040623
152.149.12.0	152.149.12.255	1	20040623
152.149.13.0	152.149.13.255	1	20040623
152.149.14.0	152.149.14.255	1	20040623
152.149.15.0	152.149.15.255	1	20040623
152.149.16.0	152.149.16.255	1	20040623
152.149.17.0	152.149.17.255	1	20040623
152.149.18.0	152.149.18.255	1	20040623
152.149.19.0	152.149.19.255	1	20040623
152.149.20.0	152.149.20.255	1	20040623
152.149.21.0	152.149.21.255	1	20040623
152.149.22.0	152.149.22.255	1	20040623
152.149.23.0	152.149.23.255	1	20040623
152.149.24.0	152.149.24.255	1	20040623
152.149.25.0	152.149.25.255	1	20040623
152.149.26.0	152.149.26.255	1	20040623
152.149.27.0	152.149.27.255	1	20040623
152.149.28.0	152.149.28.255	1	20040623
152.149.29.0	152.149.29.255	1	20040623
152.149.30.0	152.149.30.255	1	20040623
152.149.31.0	152.149.31.255	1	20040623
152.149.32.0	152.149.32.255	1	20040623
152.149.33.0	152.149.33.255	1	20040623
152.149.34.0	152.149.34.255	1	20040623
152.149.35.0	152.149.35.255	1	20040623
152.149.36.0	152.149.36.255	1	20040623
152.149.37.0	152.149.37.255	1	20040623
152.149.255.0	152.149.255.255	1	20040623
152.149.213.0	152.149.213.255	1	20040623
152.149.214.0	152.149.214.255	1	20040623
152.149.215.0	152.149.215.255	1	20040623
152.149.216.0	152.149.216.255	1	20040623
152.149.217.0	152.149.217.255	1	20040623
152.149.218.0	152.149.218.255	1	20040623
152.149.219.0	152.149.219.255	1	20040623
152.149.220.0	152.149.220.255	1	20040623
152.149.221.0	152.149.221.255	1	20040623
152.149.222.0	152.149.222.255	1	20040623
152.149.223.0	152.149.223.255	1	20040623
152.149.224.0	152.149.224.255	1	20040623
152.149.225.0	152.149.225.255	1	20040623
152.149.226.0	152.149.226.255	1	20040623
152.149.227.0	152.149.227.255	1	20040623
152.149.228.0	152.149.228.255	1	20040623
152.149.229.0	152.149.229.255	1	20040623
152.149.230.0	152.149.230.255	1	20040623
152.149.231.0	152.149.231.255	1	20040623
152.149.232.0	152.149.232.255	1	20040623
152.149.233.0	152.149.233.255	1	20040623
152.149.234.0	152.149.234.255	1	20040623
152.149.235.0	152.149.235.255	1	20040623
152.149.236.0	152.149.236.255	1	20040623
152.149.237.0	152.149.237.255	1	20040623
152.149.238.0	152.149.238.255	1	20040623
152.149.239.0	152.149.239.255	1	20040623
152.149.240.0	152.149.240.255	1	20040623
152.149.241.0	152.149.241.255	1	20040623
152.149.242.0	152.149.242.255	1	20040623
152.149.243.0	152.149.243.255	1	20040623
152.149.244.0	152.149.244.255	1	20040623
152.149.245.0	152.149.245.255	1	20040623
152.149.246.0	152.149.246.255	1	20040623
152.149.247.0	152.149.247.255	1	20040623
152.149.248.0	152.149.248.255	1	20040623
152.149.249.0	152.149.249.255	1	20040623
152.149.250.0	152.149.250.255	1	20040623
152.149.251.0	152.149.251.255	1	20040623
152.149.252.0	152.149.252.255	1	20040623
152.149.253.0	152.149.253.255	1	20040623
152.149.254.0	152.149.254.255	1	20040623
152.149.74.0	152.149.74.255	1	20040623
152.149.75.0	152.149.75.255	1	20040623
152.149.76.0	152.149.76.255	1	20040623
152.149.77.0	152.149.77.255	1	20040623
152.149.78.0	152.149.78.255	1	20040623
152.149.79.0	152.149.79.255	1	20040623
152.149.80.0	152.149.80.255	1	20040623
152.149.81.0	152.149.81.255	1	20040623
152.149.82.0	152.149.82.255	1	20040623
152.149.83.0	152.149.83.255	1	20040623
152.149.84.0	152.149.84.255	1	20040623
152.149.85.0	152.149.85.255	1	20040623
152.149.86.0	152.149.86.255	1	20040623
152.149.87.0	152.149.87.255	1	20040623
152.149.88.0	152.149.88.255	1	20040623
152.149.89.0	152.149.89.255	1	20040623
152.149.90.0	152.149.90.255	1	20040623
152.149.91.0	152.149.91.255	1	20040623
152.149.92.0	152.149.92.255	1	20040623
152.149.93.0	152.149.93.255	1	20040623
152.149.94.0	152.149.94.255	1	20040623
152.149.95.0	152.149.95.255	1	20040623
152.149.149.0	152.149.149.255	1	20040623
152.149.150.0	152.149.150.255	1	20040623
152.149.151.0	152.149.151.255	1	20040623
152.149.152.0	152.149.152.255	1	20040623
152.149.153.0	152.149.153.255	1	20040623
152.149.154.0	152.149.154.255	1	20040623
152.149.155.0	152.149.155.255	1	20040623
152.149.156.0	152.149.156.255	1	20040623
152.149.157.0	152.149.157.255	1	20040623
152.149.158.0	152.149.158.255	1	20040623
152.149.159.0	152.149.159.255	1	20040623
152.149.160.0	152.149.160.255	1	20040623
152.149.161.0	152.149.161.255	1	20040623
152.149.162.0	152.149.162.255	1	20040623
152.149.163.0	152.149.163.255	1	20040623
152.149.164.0	152.149.164.255	1	20040623
152.149.165.0	152.149.165.255	1	20040623
152.149.166.0	152.149.166.255	1	20040623
152.149.167.0	152.149.167.255	1	20040623
152.149.168.0	152.149.168.255	1	20040623
152.149.169.0	152.149.169.255	1	20040623
152.149.170.0	152.149.170.255	1	20040623
152.149.171.0	152.149.171.255	1	20040623
152.149.172.0	152.149.172.255	1	20040623
152.149.173.0	152.149.173.255	1	20040623
152.149.174.0	152.149.174.255	1	20040623
152.149.175.0	152.149.175.255	1	20040623
152.149.176.0	152.149.176.255	1	20040623
152.149.177.0	152.149.177.255	1	20040623
152.149.178.0	152.149.178.255	1	20040623
152.149.179.0	152.149.179.255	1	20040623
152.149.180.0	152.149.180.255	1	20040623
152.149.181.0	152.149.181.255	1	20040623
152.149.182.0	152.149.182.255	1	20040623
152.149.183.0	152.149.183.255	1	20040623
152.149.184.0	152.149.184.255	1	20040623
152.149.185.0	152.149.185.255	1	20040623
152.149.186.0	152.149.186.255	1	20040623
152.149.187.0	152.149.187.255	1	20040623
152.149.188.0	152.149.188.255	1	20040623
152.149.189.0	152.149.189.255	1	20040623
152.149.190.0	152.149.190.255	1	20040623
152.149.191.0	152.149.191.255	1	20040623
152.149.192.0	152.149.192.255	1	20040623
152.149.193.0	152.149.193.255	1	20040623
152.149.194.0	152.149.194.255	1	20040623
152.149.195.0	152.149.195.255	1	20040623
152.149.196.0	152.149.196.255	1	20040623
152.149.197.0	152.149.197.255	1	20040623
152.149.198.0	152.149.198.255	1	20040623
152.149.199.0	152.149.199.255	1	20040623
152.149.200.0	152.149.200.255	1	20040623
152.149.201.0	152.149.201.255	1	20040623
152.149.202.0	152.149.202.255	1	20040623
152.149.203.0	152.149.203.255	1	20040623
152.149.204.0	152.149.204.255	1	20040623
152.149.205.0	152.149.205.255	1	20040623
152.149.206.0	152.149.206.255	1	20040623
152.149.207.0	152.149.207.255	1	20040623
152.149.208.0	152.149.208.255	1	20040623
152.149.209.0	152.149.209.255	1	20040623
152.149.210.0	152.149.210.255	1	20040623
152.149.211.0	152.149.211.255	1	20040623
152.149.212.0	152.149.212.255	1	20040623
152.149.50.0	152.149.50.255	1	20040623
152.149.51.0	152.149.51.255	1	20040623
152.149.52.0	152.149.52.255	1	20040623
152.149.53.0	152.149.53.255	1	20040623
152.149.54.0	152.149.54.255	1	20040623
152.149.55.0	152.149.55.255	1	20040623
152.149.56.0	152.149.56.255	1	20040623
152.149.57.0	152.149.57.255	1	20040623
152.149.58.0	152.149.58.255	1	20040623
152.149.59.0	152.149.59.255	1	20040623
152.149.60.0	152.149.60.255	1	20040623
152.149.61.0	152.149.61.255	1	20040623
152.149.62.0	152.149.62.255	1	20040623
152.149.63.0	152.149.63.255	1	20040623
152.149.64.0	152.149.64.255	1	20040623
152.149.65.0	152.149.65.255	1	20040623
152.149.66.0	152.149.66.255	1	20040623
152.149.67.0	152.149.67.255	1	20040623
152.149.68.0	152.149.68.255	1	20040623
152.149.69.0	152.149.69.255	1	20040623
152.149.70.0	152.149.70.255	1	20040623
152.149.71.0	152.149.71.255	1	20040623
152.149.72.0	152.149.72.255	1	20040623
152.149.73.0	152.149.73.255	1	20040623
152.149.109.0	152.149.109.255	1	20040623
152.149.110.0	152.149.110.255	1	20040623
152.149.111.0	152.149.111.255	1	20040623
152.149.112.0	152.149.112.255	1	20040623
152.149.113.0	152.149.113.255	1	20040623
152.149.114.0	152.149.114.255	1	20040623
152.149.115.0	152.149.115.255	1	20040623
152.149.116.0	152.149.116.255	1	20040623
152.149.117.0	152.149.117.255	1	20040623
152.149.118.0	152.149.118.255	1	20040623
152.149.119.0	152.149.119.255	1	20040623
152.149.120.0	152.149.120.255	1	20040623
152.149.121.0	152.149.121.255	1	20040623
152.149.122.0	152.149.122.255	1	20040623
152.149.123.0	152.149.123.255	1	20040623
152.149.124.0	152.149.124.255	1	20040623
152.149.125.0	152.149.125.255	1	20040623
152.149.126.0	152.149.126.255	1	20040623
152.149.127.0	152.149.127.255	1	20040623
152.149.128.0	152.149.128.255	1	20040623
152.149.129.0	152.149.129.255	1	20040623
152.149.130.0	152.149.130.255	1	20040623
152.149.131.0	152.149.131.255	1	20040623
152.149.132.0	152.149.132.255	1	20040623
152.149.133.0	152.149.133.255	1	20040623
152.149.134.0	152.149.134.255	1	20040623
152.149.135.0	152.149.135.255	1	20040623
152.149.136.0	152.149.136.255	1	20040623
152.149.137.0	152.149.137.255	1	20040623
152.149.138.0	152.149.138.255	1	20040623
152.149.139.0	152.149.139.255	1	20040623
152.149.140.0	152.149.140.255	1	20040623
152.149.141.0	152.149.141.255	1	20040623
152.149.142.0	152.149.142.255	1	20040623
152.149.143.0	152.149.143.255	1	20040623
152.149.144.0	152.149.144.255	1	20040623
152.149.145.0	152.149.145.255	1	20040623
152.149.146.0	152.149.146.255	1	20040623
152.149.147.0	152.149.147.255	1	20040623
152.149.148.0	152.149.148.255	1	20040623
152.149.38.0	152.149.38.255	1	20040623
152.149.39.0	152.149.39.255	1	20040623
152.149.40.0	152.149.40.255	1	20040623
152.149.41.0	152.149.41.255	1	20040623
152.149.42.0	152.149.42.255	1	20040623
152.149.43.0	152.149.43.255	1	20040623
152.149.44.0	152.149.44.255	1	20040623
152.149.45.0	152.149.45.255	1	20040623
152.149.46.0	152.149.46.255	1	20040623
152.149.47.0	152.149.47.255	1	20040623
152.149.48.0	152.149.48.255	1	20040623
152.149.49.0	152.149.49.255	1	20040623
163.152.0.0	163.152.255.255	256	20040624
168.131.0.0	168.131.255.255	256	20040624
147.46.0.0	147.46.255.255	256	20040625
147.47.0.0	147.47.255.255	256	20040625
163.239.0.0	163.239.255.255	256	20040628
169.140.0.0	169.140.255.255	256	20040629
165.194.0.0	165.194.255.255	256	20040629
158.44.0.0	158.44.255.255	256	20040629
164.125.0.0	164.125.255.255	256	20040630
168.115.0.0	168.115.255.255	256	20040702
141.223.0.0	141.223.255.255	256	20040702
165.229.0.0	165.229.255.255	256	20040702
137.68.0.0	137.68.255.255	256	20040706
143.248.0.0	143.248.255.255	256	20040706
165.243.0.0	165.243.255.255	256	20040707
165.244.0.0	165.244.255.255	256	20040707
165.186.0.0	165.186.255.255	256	20040707
156.147.0.0	156.147.255.255	256	20040707
150.150.0.0	150.150.255.255	256	20040707
166.104.0.0	166.104.255.255	256	20040707
166.125.0.0	166.125.255.255	256	20040709
163.180.0.0	163.180.255.255	256	20040712
161.122.0.0	161.122.255.255	256	20040712
168.78.0.0	168.78.255.255	256	20040715
168.219.0.0	168.219.255.255	256	20040722
165.213.0.0	165.213.255.255	256	20040722
222.231.0.0	222.231.63.255	64	20040727
166.103.0.0	166.103.255.255	256	20040730
147.43.0.0	147.43.255.255	256	20040730
59.0.0.0	59.31.255.255	8192	20040802
218.101.128.0	218.101.255.255	128	20040805
168.188.0.0	168.188.255.255	256	20040813
157.197.0.0	157.197.255.255	256	20040909
165.132.0.0	165.132.255.255	256	20040920
155.230.0.0	155.230.255.255	256	20041001
203.81.128.0	203.81.159.255	32	20041019
203.83.128.0	203.83.159.255	32	20041019
59.150.0.0	59.150.255.255	256	20041108
60.196.0.0	60.197.255.255	512	20041115
61.40.0.0	61.43.255.255	1024	20041115
61.32.0.0	61.39.255.255	2048	20041115
164.124.0.0	164.124.255.255	256	20041115
203.90.32.0	203.90.63.255	32	20041130
59.186.0.0	59.187.255.255	512	20041203
61.4.192.0	61.4.223.255	32	20041223
61.247.128.0	61.247.159.255	32	20041231
166.79.0.0	166.79.255.255	256	20050104
154.10.0.0	154.10.255.255	256	20050106
221.132.64.0	221.132.95.255	32	20050114
203.100.160.0	203.100.191.255	32	20050125
165.133.0.0	165.133.255.255	256	20050127
202.86.8.0	202.86.15.255	8	20050131
192.5.90.0	192.5.90.255	1	20050204
210.16.192.0	210.16.255.255	64	20050215
168.154.0.0	168.154.255.255	256	20050222
221.133.128.0	221.133.191.255	64	20050224
203.123.192.0	203.123.223.255	32	20050308
202.126.112.0	202.126.119.255	8	20050308
61.47.192.0	61.47.255.255	64	20050308
203.128.160.0	203.128.191.255	32	20050314
203.128.192.0	203.128.223.255	32	20050314
58.72.0.0	58.79.255.255	2048	20050316
202.133.16.0	202.133.31.255	16	20050324
58.65.64.0	58.65.127.255	64	20050324
203.130.96.0	203.130.127.255	32	20050329
202.136.112.0	202.136.127.255	16	20050414
203.132.160.0	203.132.191.255	32	20050414
192.104.15.0	192.104.15.255	1	20050419
220.230.0.0	220.230.255.255	256	20050421
150.197.0.0	150.197.255.255	256	20050421
192.203.145.0	192.203.145.255	1	20050425
210.210.192.0	210.210.255.255	64	20050426
192.203.146.0	192.203.146.255	1	20050426
192.100.2.0	192.100.2.255	1	20050427
58.120.0.0	58.127.255.255	2048	20050428
192.203.144.0	192.203.144.255	1	20050429
192.245.249.0	192.245.249.255	1	20050503
192.245.251.0	192.245.251.255	1	20050503
192.203.139.0	192.203.139.255	1	20050503
192.203.138.0	192.203.138.255	1	20050511
203.109.0.0	203.109.31.255	32	20050513
192.132.247.0	192.132.251.255	5	20050513
192.249.16.0	192.249.31.255	16	20050516
58.102.0.0	58.103.255.255	512	20050517
61.247.64.0	61.247.127.255	64	20050519
192.245.250.0	192.245.250.255	1	20050520
58.140.0.0	58.143.255.255	1024	20050524
58.148.0.0	58.151.255.255	1024	20050526
58.145.0.0	58.145.127.255	128	20050530
203.82.240.0	203.82.247.255	8	20050601
58.180.0.0	58.180.255.255	256	20050615
58.181.0.0	58.181.63.255	64	20050616
192.203.140.0	192.203.143.255	4	20050622
58.224.0.0	58.239.255.255	4096	20050627
58.184.0.0	58.184.255.255	256	20050628
192.132.15.0	192.132.15.255	1	20050706
218.209.0.0	218.209.255.255	256	20050714
203.142.160.0	203.142.191.255	32	20050727
203.152.160.0	203.152.191.255	32	20050804
202.150.176.0	202.150.191.255	16	20050808
125.7.128.0	125.7.191.255	64	20050817
125.7.192.0	125.7.255.255	64	20050817
125.31.128.0	125.31.191.255	64	20050819
125.128.0.0	125.159.255.255	8192	20050822
125.57.0.0	125.57.255.255	256	20050823
165.141.0.0	165.141.255.255	256	20050825
192.195.40.0	192.195.40.255	1	20050826
192.195.39.0	192.195.39.255	1	20050826
165.246.0.0	165.246.255.255	256	20050826
125.60.0.0	125.60.63.255	64	20050830
202.158.144.0	202.158.159.255	16	20050830
125.61.0.0	125.61.127.255	128	20050906
125.60.64.0	125.60.127.255	64	20050906
125.176.0.0	125.191.255.255	4096	20050912
202.73.132.0	202.73.135.255	4	20050914
202.167.208.0	202.167.223.255	16	20050927
203.170.96.0	203.170.127.255	32	20051011
203.171.160.0	203.171.191.255	32	20051012
125.208.64.0	125.208.127.255	64	20051012
125.209.0.0	125.209.63.255	64	20051018
125.240.0.0	125.247.255.255	2048	20051025
125.248.0.0	125.251.255.255	1024	20051025
203.173.96.0	203.173.127.255	32	20051025
202.179.176.0	202.179.183.255	8	20051101
125.252.0.0	125.252.63.255	64	20051101
202.136.128.0	202.136.159.255	32	20051104
124.0.0.0	124.1.255.255	512	20051104
203.175.32.0	203.175.63.255	32	20051115
124.5.0.0	124.5.255.255	256	20051116
124.2.0.0	124.2.255.255	256	20051215
222.251.128.0	222.251.255.255	128	20051215
124.48.0.0	124.63.255.255	4096	20051221
124.199.128.0	124.199.255.255	128	20051228
124.254.128.0	124.254.255.255	128	20051230
124.28.0.0	124.28.191.255	192	20060104
124.46.0.0	124.46.127.255	128	20060117
124.46.128.0	124.46.255.255	128	20060118
61.4.224.0	61.4.255.255	32	20060124
203.84.240.0	203.84.255.255	16	20060124
203.210.32.0	203.210.63.255	32	20060127
124.80.0.0	124.80.255.255	256	20060127
124.199.0.0	124.199.63.255	64	20060131
203.212.96.0	203.212.127.255	32	20060202
203.212.160.0	203.212.191.255	32	20060208
210.0.32.0	210.0.63.255	32	20060221
124.111.0.0	124.111.255.255	256	20060228
124.136.0.0	124.139.255.255	1024	20060301
124.146.0.0	124.146.63.255	64	20060303
202.163.128.0	202.163.159.255	32	20060308
203.130.64.0	203.130.95.255	32	20060314
124.194.0.0	124.194.255.255	256	20060404
203.153.144.0	203.153.159.255	16	20060406
203.215.192.0	203.215.223.255	32	20060407
121.128.0.0	121.159.255.255	8192	20060407
202.89.248.0	202.89.251.255	4	20060412
124.216.0.0	124.216.255.255	256	20060418
124.197.128.0	124.197.223.255	96	20060418
124.198.0.0	124.198.127.255	128	20060418
203.216.160.0	203.216.191.255	32	20060421
203.223.96.0	203.223.127.255	32	20060428
210.2.32.0	210.2.63.255	32	20060508
124.243.0.0	124.243.127.255	128	20060509
121.1.64.0	121.1.127.255	64	20060523
121.55.128.0	121.55.191.255	64	20060526
121.127.128.0	121.127.191.255	64	20060526
121.127.64.0	121.127.127.255	64	20060526
121.55.64.0	121.55.127.255	64	20060526
203.207.16.0	203.207.31.255	16	20060530
121.254.128.0	121.254.255.255	128	20060530
203.210.16.0	203.210.31.255	16	20060602
122.99.128.0	122.99.255.255	128	20060605
122.49.64.0	122.49.127.255	64	20060605
122.199.128.0	122.199.255.255	128	20060607
122.199.64.0	122.199.127.255	64	20060607
121.64.0.0	121.67.255.255	1024	20060609
123.99.64.0	123.99.127.255	64	20060612
122.254.128.0	122.254.255.255	128	20060612
210.57.224.0	210.57.255.255	32	20060614
121.0.128.0	121.0.255.255	128	20060619
121.53.0.0	121.53.255.255	256	20060619
123.254.128.0	123.254.255.255	128	20060619
210.87.192.0	210.87.223.255	32	20060620
121.0.64.0	121.0.127.255	64	20060620
121.78.0.0	121.78.255.255	256	20060621
210.89.160.0	210.89.191.255	32	20060626
121.50.64.0	121.50.127.255	64	20060626
121.88.0.0	121.88.255.255	256	20060626
121.54.192.0	121.54.255.255	64	20060704
210.192.64.0	210.192.95.255	32	20060704
121.126.0.0	121.126.255.255	256	20060707
121.100.64.0	121.100.127.255	64	20060713
203.133.160.0	203.133.191.255	32	20060713
59.86.192.0	59.86.255.255	64	20060718
121.200.64.0	121.200.127.255	64	20060720
121.254.0.0	121.254.63.255	64	20060720
122.32.0.0	122.47.255.255	4096	20060725
122.101.0.0	122.101.255.255	256	20060728
61.5.160.0	61.5.191.255	32	20060728
121.124.0.0	121.125.255.255	512	20060802
58.138.192.0	58.138.255.255	64	20060804
221.133.48.0	221.133.63.255	16	20060804
203.217.192.0	203.217.255.255	64	20060810
202.22.32.0	202.22.63.255	32	20060810
202.68.224.0	202.68.255.255	32	20060816
203.130.176.0	203.130.191.255	16	20060829
58.146.192.0	58.146.255.255	64	20060907
61.247.192.0	61.247.223.255	32	20060911
202.131.24.0	202.131.31.255	8	20060911
121.50.16.0	121.50.31.255	16	20060926
122.0.8.0	122.0.15.255	8	20060926
58.87.32.0	58.87.63.255	32	20060926
121.252.0.0	121.253.255.255	512	20060926
58.29.0.0	58.29.255.255	256	20061010
202.171.248.0	202.171.251.255	4	20061011
122.0.32.0	122.0.63.255	32	20061011
122.100.32.0	122.100.63.255	32	20061012
123.200.64.0	123.200.127.255	64	20061012
59.151.192.0	59.151.255.255	64	20061018
59.152.128.0	59.152.191.255	64	20061018
121.160.0.0	121.191.255.255	8192	20061101
122.203.0.0	122.203.255.255	256	20061107
122.202.32.0	122.202.63.255	32	20061107
122.202.128.0	122.202.255.255	128	20061107
123.199.0.0	123.199.127.255	128	20061113
122.252.64.0	122.252.127.255	64	20061113
122.252.192.0	122.252.223.255	32	20061116
123.254.64.0	123.254.95.255	32	20061121
123.98.160.0	123.98.191.255	32	20061127
123.98.192.0	123.98.223.255	32	20061127
122.128.128.0	122.128.191.255	64	20061213
122.128.32.0	122.128.63.255	32	20061213
122.128.64.0	122.128.79.255	16	20061213
122.128.192.0	122.128.255.255	64	20061215
122.129.208.0	122.129.215.255	8	20061221
203.166.208.0	203.166.215.255	8	20061221
122.129.240.0	122.129.247.255	8	20061227
123.0.0.0	123.0.15.255	16	20061227
125.208.192.0	125.208.223.255	32	20070103
202.43.48.0	202.43.55.255	8	20070110
203.81.8.0	203.81.11.255	4	20070112
123.32.0.0	123.47.255.255	4096	20070115
122.153.0.0	122.153.255.255	256	20070115
203.149.112.0	203.149.127.255	16	20070125
123.248.0.0	123.248.255.255	256	20070125
123.250.0.0	123.251.255.255	512	20070130
123.109.0.0	123.109.255.255	256	20070202
123.108.16.0	123.108.31.255	16	20070202
61.245.224.0	61.245.255.255	32	20070202
123.108.160.0	123.108.191.255	32	20070209
123.212.0.0	123.215.255.255	1024	20070209
123.111.0.0	123.111.255.255	256	20070209
124.3.0.0	124.3.255.255	256	20070212
123.228.0.0	123.229.255.255	512	20070213
123.140.0.0	123.143.255.255	1024	20070223
122.129.248.0	122.129.255.255	8	20070323
116.32.0.0	116.47.255.255	4096	20070323
116.193.80.0	116.193.87.255	8	20070411
116.200.0.0	116.201.255.255	512	20070418
116.199.160.0	116.199.167.255	8	20070423
116.212.0.0	116.212.31.255	32	20070423
116.67.0.0	116.67.127.255	128	20070503
116.68.32.0	116.68.63.255	32	20070515
203.129.6.0	203.129.7.255	2	20070517
116.84.0.0	116.84.255.255	256	20070517
116.68.232.0	116.68.239.255	8	20070517
116.120.0.0	116.127.255.255	2048	20070521
116.89.160.0	116.89.191.255	32	20070522
116.93.192.0	116.93.255.255	64	20070530
117.16.0.0	117.17.255.255	512	20070530
116.90.216.0	116.90.223.255	8	20070601
116.193.88.0	116.193.95.255	8	20070601
124.153.128.0	124.153.255.255	128	20070614
117.20.80.0	117.20.95.255	16	20070618
203.169.4.0	203.169.5.255	2	20070622
117.20.192.0	117.20.255.255	64	20070625
117.53.64.0	117.53.95.255	32	20070627
117.53.96.0	117.53.127.255	32	20070628
117.53.192.0	117.53.255.255	64	20070702
117.55.128.0	117.55.191.255	64	20070702
117.58.128.0	117.58.143.255	16	20070705
152.99.0.0	152.99.255.255	256	20070725
117.110.0.0	117.111.255.255	512	20070801
118.32.0.0	118.63.255.255	8192	20070803
117.123.0.0	117.123.255.255	256	20070808
118.67.128.0	118.67.191.255	64	20070816
118.91.0.0	118.91.63.255	64	20070827
118.91.64.0	118.91.95.255	32	20070827
118.91.96.0	118.91.127.255	32	20070827
118.103.192.0	118.103.223.255	32	20070906
118.128.0.0	118.131.255.255	1024	20070912
118.107.160.0	118.107.175.255	16	20070913
210.4.216.0	210.4.223.255	8	20070921
210.4.88.0	210.4.95.255	8	20070921
121.50.224.0	121.50.255.255	32	20071005
203.17.226.0	203.17.226.255	1	20071012
118.176.0.0	118.176.255.255	256	20071012
118.216.0.0	118.223.255.255	2048	20071025
124.217.192.0	124.217.223.255	32	20071102
118.234.0.0	118.235.255.255	512	20071105
121.101.192.0	121.101.207.255	16	20071119
121.101.224.0	121.101.255.255	32	20071120
118.127.192.0	118.127.255.255	64	20071121
202.165.56.0	202.165.59.255	4	20071122
125.208.224.0	125.208.255.255	32	20071203
119.17.64.0	119.17.127.255	64	20071203
119.17.0.0	119.17.31.255	32	20071203
119.30.128.0	119.30.191.255	64	20071218
119.31.240.0	119.31.247.255	8	20071227
202.174.88.0	202.174.91.255	4	20080104
119.31.248.0	119.31.255.255	8	20080104
119.42.160.0	119.42.191.255	32	20080108
119.64.0.0	119.71.255.255	2048	20080115
119.59.0.0	119.59.63.255	64	20080115
119.75.64.0	119.75.127.255	64	20080123
119.75.128.0	119.75.191.255	64	20080123
119.63.224.0	119.63.255.255	32	20080123
119.77.96.0	119.77.127.255	32	20080129
119.82.32.0	119.82.63.255	32	20080130
203.82.219.0	203.82.219.255	1	20080204
203.82.220.0	203.82.221.255	2	20080204
119.148.112.0	119.148.127.255	16	20080218
119.148.128.0	119.148.159.255	32	20080218
119.149.0.0	119.149.255.255	256	20080218
119.161.0.0	119.161.31.255	32	20080222
202.43.56.0	202.43.63.255	8	20080226
119.192.0.0	119.223.255.255	8192	20080226
203.142.216.0	203.142.217.255	2	20080307
203.128.236.0	203.128.239.255	4	20080307
119.235.192.0	119.235.207.255	16	20080307
119.235.240.0	119.235.247.255	8	20080311
120.29.128.0	120.29.143.255	16	20080317
120.50.64.0	120.50.127.255	64	20080320
120.50.128.0	120.50.159.255	32	20080326
120.73.0.0	120.73.255.255	256	20080327
120.136.64.0	120.136.127.255	64	20080408
124.66.176.0	124.66.191.255	16	20080418
120.142.0.0	120.142.255.255	256	20080418
124.195.160.0	124.195.191.255	32	20080418
124.195.224.0	124.195.255.255	32	20080418
114.29.0.0	114.29.127.255	128	20080421
120.143.192.0	120.143.255.255	64	20080422
114.29.128.0	114.29.191.255	64	20080422
120.143.160.0	120.143.191.255	32	20080422
114.30.0.0	114.30.31.255	32	20080425
114.30.48.0	114.30.63.255	16	20080428
114.52.0.0	114.53.255.255	512	20080502
114.30.128.0	114.30.255.255	128	20080502
114.31.32.0	114.31.63.255	32	20080507
114.31.112.0	114.31.127.255	16	20080514
114.70.0.0	114.71.255.255	512	20080514
203.190.26.0	203.190.27.255	2	20080519
114.108.0.0	114.108.127.255	128	20080520
114.108.128.0	114.108.191.255	64	20080521
114.110.24.0	114.110.31.255	8	20080523
114.111.32.0	114.111.47.255	16	20080526
114.111.48.0	114.111.63.255	16	20080527
114.111.192.0	114.111.255.255	64	20080602
114.129.64.0	114.129.127.255	64	20080602
114.129.192.0	114.129.255.255	64	20080609
114.141.0.0	114.141.31.255	32	20080613
114.141.40.0	114.141.47.255	8	20080618
114.200.0.0	114.207.255.255	2048	20080619
114.141.224.0	114.141.255.255	32	20080623
114.199.0.0	114.199.63.255	64	20080630
114.199.128.0	114.199.255.255	128	20080701
115.0.0.0	115.23.255.255	6144	20080701
115.40.0.0	115.41.255.255	512	20080708
115.31.96.0	115.31.127.255	32	20080709
115.68.0.0	115.68.255.255	256	20080715
115.69.96.0	115.69.127.255	32	20080721
115.84.160.0	115.84.167.255	8	20080724
115.88.0.0	115.95.255.255	2048	20080724
115.86.0.0	115.86.255.255	256	20080731
115.85.160.0	115.85.191.255	32	20080804
115.136.0.0	115.143.255.255	2048	20080812
115.126.192.0	115.126.255.255	64	20080813
115.144.0.0	115.144.255.255	256	20080818
115.145.0.0	115.145.255.255	256	20080818
115.160.0.0	115.160.127.255	128	20080819
115.161.0.0	115.161.255.255	256	20080822
115.165.176.0	115.165.183.255	8	20080829
115.178.64.0	115.178.95.255	32	20080905
115.178.32.0	115.178.47.255	16	20080905
113.10.0.0	113.10.63.255	64	20080922
115.187.80.0	115.187.87.255	8	20080922
113.21.0.0	113.21.31.255	32	20081010
113.29.192.0	113.29.207.255	16	20081020
113.30.0.0	113.30.63.255	64	20081020
113.30.64.0	113.30.127.255	64	20081020
113.29.128.0	113.29.191.255	64	20081020
113.59.128.0	113.59.191.255	64	20081028
113.52.192.0	113.52.223.255	32	20081028
113.60.0.0	113.60.255.255	256	20081028
113.52.136.0	113.52.143.255	8	20081028
113.61.0.0	113.61.31.255	32	20081103
113.130.128.0	113.130.255.255	128	20081107
113.131.0.0	113.131.255.255	256	20081107
113.61.104.0	113.61.107.255	4	20081113
113.130.64.0	113.130.95.255	32	20081114
113.198.0.0	113.198.255.255	256	20081127
113.199.0.0	113.199.127.255	128	20081127
113.197.80.0	113.197.95.255	16	20081203
113.216.0.0	113.217.255.255	512	20081222
112.72.16.0	112.72.63.255	48	20081224
112.72.128.0	112.72.255.255	128	20081229
112.76.0.0	112.77.255.255	512	20081231
203.175.188.0	203.175.191.255	4	20090109
112.106.0.0	112.107.255.255	512	20090114
112.108.0.0	112.108.255.255	256	20090114
112.109.32.0	112.109.63.255	32	20090122
112.121.0.0	112.121.31.255	32	20090128
112.136.128.0	112.136.255.255	128	20090203
112.133.0.0	112.133.127.255	128	20090203
112.121.192.0	112.121.255.255	64	20090203
112.133.128.0	112.133.191.255	64	20090203
112.144.0.0	112.159.255.255	4096	20090210
112.140.192.0	112.140.255.255	64	20090210
112.140.64.0	112.140.127.255	64	20090210
112.137.176.0	112.137.183.255	8	20090210
112.160.0.0	112.191.255.255	8192	20090210
112.140.144.0	112.140.151.255	8	20090212
112.140.152.0	112.140.159.255	8	20090212
112.216.0.0	112.223.255.255	2048	20090216
112.196.192.0	112.196.223.255	32	20090216
110.8.0.0	110.15.255.255	2048	20090218
112.212.0.0	112.212.255.255	256	20090218
112.214.0.0	112.214.255.255	256	20090219
112.213.0.0	112.213.31.255	32	20090219
110.4.64.0	110.4.127.255	64	20090224
203.223.177.0	203.223.177.255	1	20090225
110.5.128.0	110.5.255.255	128	20090302
110.34.64.0	110.34.127.255	64	20090302
110.35.0.0	110.35.63.255	64	20090304
110.35.96.0	110.35.127.255	32	20090304
110.35.128.0	110.35.255.255	128	20090304
110.44.32.0	110.44.63.255	32	20090309
118.91.144.0	118.91.159.255	16	20090310
110.44.192.0	110.44.255.255	64	20090312
110.45.0.0	110.45.127.255	128	20090312
110.46.0.0	110.47.255.255	512	20090312
110.45.128.0	110.45.255.255	128	20090320
110.68.0.0	110.71.255.255	1024	20090327
202.89.124.0	202.89.127.255	4	20090402
110.76.64.0	110.76.127.255	64	20090402
110.92.128.0	110.92.255.255	128	20090417
110.93.24.0	110.93.31.255	8	20090421
110.93.128.0	110.93.191.255	64	20090424
110.165.0.0	110.165.31.255	32	20090427
110.93.112.0	110.93.127.255	16	20090427
110.165.64.0	110.165.127.255	64	20090429
110.172.64.0	110.172.127.255	64	20090429
110.232.96.0	110.232.111.255	16	20090519
111.171.0.0	111.171.127.255	128	20090525
111.65.128.0	111.65.191.255	64	20090602
111.67.208.0	111.67.223.255	16	20090605
111.67.224.0	111.67.255.255	32	20090612
111.91.160.0	111.91.191.255	32	20090625
111.91.144.0	111.91.159.255	16	20090625
111.91.128.0	111.91.143.255	16	20090625
111.118.0.0	111.118.127.255	128	20090630
180.64.0.0	180.71.255.255	2048	20090708
111.218.0.0	111.219.255.255	512	20090713
111.221.32.0	111.221.39.255	8	20090714
180.80.0.0	180.83.255.255	1024	20090717
180.92.64.0	180.92.127.255	64	20090724
180.92.240.0	180.92.255.255	16	20090729
180.132.0.0	180.135.255.255	1024	20090813
180.131.0.0	180.131.63.255	64	20090821
180.150.192.0	180.150.223.255	32	20090908
180.150.224.0	180.150.231.255	8	20090910
180.182.0.0	180.182.255.255	256	20090916
180.189.64.0	180.189.127.255	64	20090917
180.189.176.0	180.189.191.255	16	20090924
210.211.64.0	210.211.95.255	32	20090924
180.210.192.0	180.210.199.255	8	20090928
180.210.0.0	180.210.127.255	128	20090928
180.211.0.0	180.211.63.255	64	20090929
180.224.0.0	180.231.255.255	2048	20091009
180.222.220.0	180.222.223.255	4	20091021
180.233.192.0	180.233.255.255	64	20091026
180.236.0.0	180.239.255.255	1024	20091027
183.96.0.0	183.127.255.255	8192	20091104
183.78.128.0	183.78.159.255	32	20091105
183.78.192.0	183.78.255.255	64	20091105
183.86.192.0	183.86.255.255	64	20091117
183.90.128.0	183.90.159.255	32	20091119
183.91.192.0	183.91.255.255	64	20091130
175.28.32.0	175.28.47.255	16	20091211
175.41.0.0	175.41.15.255	16	20091214
175.112.0.0	175.127.255.255	4096	20091217
175.45.192.0	175.45.255.255	64	20091223
175.45.160.0	175.45.167.255	8	20091230
175.106.64.0	175.106.127.255	64	20100111
175.107.64.0	175.107.127.255	64	20100114
175.111.16.0	175.111.31.255	16	20100114
175.158.0.0	175.158.31.255	32	20100120
175.176.128.0	175.176.143.255	16	20100122
175.192.0.0	175.255.255.255	16384	20100210
182.50.32.0	182.50.63.255	32	20100308
27.1.0.0	27.1.255.255	256	20100312
27.35.0.0	27.35.255.255	256	20100325
27.232.0.0	27.239.255.255	2048	20100331
182.161.128.0	182.161.255.255	128	20100407
182.163.128.0	182.163.255.255	128	20100407
27.176.0.0	27.183.255.255	2048	20100408
27.160.0.0	27.175.255.255	4096	20100408
182.172.0.0	182.172.255.255	256	20100412
182.161.96.0	182.161.127.255	32	20100412
182.192.0.0	182.199.255.255	2048	20100414
182.173.80.0	182.173.95.255	16	20100415
182.173.96.0	182.173.127.255	32	20100415
182.162.0.0	182.162.255.255	256	20100415
182.173.160.0	182.173.191.255	32	20100419
202.128.100.0	202.128.101.255	2	20100419
182.208.0.0	182.223.255.255	4096	20100426
182.224.0.0	182.231.255.255	2048	20100426
182.237.32.0	182.237.63.255	32	20100506
182.237.64.0	182.237.127.255	64	20100506
182.252.0.0	182.252.63.255	64	20100506
182.237.192.0	182.237.255.255	64	20100506
182.252.128.0	182.252.255.255	128	20100510
182.255.128.0	182.255.255.255	128	20100511
1.16.0.0	1.19.255.255	1024	20100513
27.96.128.0	27.96.191.255	64	20100519
27.101.0.0	27.101.255.255	256	20100528
27.102.0.0	27.102.255.255	256	20100528
27.100.128.0	27.100.255.255	128	20100601
1.96.0.0	1.111.255.255	4096	20100607
1.208.0.0	1.223.255.255	4096	20100614
1.176.0.0	1.177.255.255	512	20100617
1.11.0.0	1.11.255.255	256	20100617
27.255.64.0	27.255.95.255	32	20100625
27.255.96.0	27.255.127.255	32	20100625
27.111.96.0	27.111.127.255	32	20100701
27.112.128.0	27.112.255.255	128	20100707
27.113.0.0	27.113.127.255	128	20100708
1.201.0.0	1.201.255.255	256	20100714
27.115.192.0	27.115.255.255	64	20100714
27.116.64.0	27.116.127.255	64	20100715
27.115.128.0	27.115.191.255	64	20100715
223.131.0.0	223.131.255.255	256	20100716
27.116.128.0	27.116.255.255	128	20100716
27.117.0.0	27.117.63.255	64	20100716
223.168.0.0	223.175.255.255	2048	20100720
1.224.0.0	1.255.255.255	8192	20100720
27.117.64.0	27.117.127.255	64	20100720
27.117.128.0	27.117.191.255	64	20100720
223.222.0.0	223.222.255.255	256	20100721
27.117.192.0	27.117.255.255	64	20100721
27.119.0.0	27.119.127.255	128	20100722
27.118.128.0	27.118.255.255	128	20100722
27.119.128.0	27.119.255.255	128	20100726
223.253.0.0	223.253.255.255	256	20100729
223.130.128.0	223.130.255.255	128	20100729
223.194.0.0	223.195.255.255	512	20100730
223.255.192.0	223.255.223.255	32	20100805
223.130.64.0	223.130.127.255	64	20100805
27.118.64.0	27.118.127.255	64	20100805
14.32.0.0	14.63.255.255	8192	20100805
223.165.128.0	223.165.255.255	128	20100805
14.64.0.0	14.95.255.255	8192	20100805
14.129.0.0	14.129.255.255	256	20100817
223.32.0.0	223.63.255.255	8192	20100818
223.26.128.0	223.26.255.255	128	20100820
14.4.0.0	14.7.255.255	1024	20100830
223.28.128.0	223.28.255.255	128	20100830
27.120.0.0	27.120.63.255	64	20100908
14.138.0.0	14.138.255.255	256	20100913
14.0.64.0	14.0.127.255	64	20100914
14.0.32.0	14.0.63.255	32	20100914
14.128.128.0	14.128.255.255	128	20100917
14.206.0.0	14.206.255.255	256	20100927
14.192.80.0	14.192.95.255	16	20100927
27.122.128.0	27.122.255.255	128	20101007
49.8.0.0	49.11.255.255	1024	20101013
27.125.0.0	27.125.127.255	128	20101013
49.1.0.0	49.1.255.255	256	20101013
49.56.0.0	49.63.255.255	2048	20101013
49.16.0.0	49.31.255.255	4096	20101013
27.126.0.0	27.126.63.255	64	20101015
27.124.128.0	27.124.255.255	128	20101015
49.50.32.0	49.50.63.255	32	20101105
49.254.0.0	49.254.255.255	256	20101105
49.50.16.0	49.50.31.255	16	20101105
49.50.128.0	49.50.191.255	64	20101109
49.143.0.0	49.143.127.255	128	20101111
49.128.192.0	49.128.223.255	32	20101111
49.143.128.0	49.143.191.255	64	20101111
49.142.0.0	49.142.255.255	256	20101111
49.143.192.0	49.143.223.255	32	20101115
49.246.0.0	49.246.63.255	64	20101117
49.247.0.0	49.247.255.255	256	20101130
49.236.64.0	49.236.127.255	64	20101130
49.246.64.0	49.246.127.255	64	20101130
125.209.192.0	125.209.255.255	64	20101130
49.160.0.0	49.175.255.255	4096	20101202
49.238.128.0	49.238.255.255	128	20101209
49.236.128.0	49.236.191.255	64	20101209
49.239.128.0	49.239.191.255	64	20101209
49.238.64.0	49.238.127.255	64	20101209
101.1.32.0	101.1.63.255	32	20101216
101.1.8.0	101.1.15.255	8	20101216
101.79.0.0	101.79.255.255	256	20101222
116.255.64.0	116.255.127.255	64	20101222
118.139.192.0	118.139.255.255	64	20101224
119.18.64.0	119.18.127.255	64	20101224
115.71.0.0	115.71.255.255	256	20101224
210.211.0.0	210.211.15.255	16	20110103
60.253.64.0	60.253.95.255	32	20110104
122.152.96.0	122.152.127.255	32	20110104
123.100.160.0	123.100.191.255	32	20110112
125.62.216.0	125.62.223.255	8	20110112
61.245.176.0	61.245.191.255	16	20110112
58.147.176.0	58.147.183.255	8	20110112
124.66.208.0	124.66.223.255	16	20110117
116.93.160.0	116.93.191.255	32	20110117
119.56.128.0	119.56.255.255	128	20110119
110.76.140.0	110.76.143.255	4	20110119
182.31.0.0	182.31.255.255	256	20110119
60.253.0.0	60.253.63.255	64	20110119
202.14.90.0	202.14.91.255	2	20110119
110.92.22.0	110.92.22.255	1	20110120
110.92.21.0	110.92.21.255	1	20110120
110.92.23.0	110.92.23.255	1	20110120
110.92.20.0	110.92.20.255	1	20110120
117.52.0.0	117.52.255.255	256	20110124
101.202.0.0	101.202.255.255	256	20110124
101.235.0.0	101.235.255.255	256	20110124
114.110.128.0	114.110.255.255	128	20110124
111.92.188.0	111.92.191.255	4	20110124
42.16.0.0	42.31.255.255	4096	20110131
42.32.0.0	42.47.255.255	4096	20110131
101.250.0.0	101.250.255.255	256	20110131
113.192.64.0	113.192.127.255	64	20110210
36.38.0.0	36.39.255.255	512	20110210
42.82.0.0	42.82.255.255	256	20110210
42.8.0.0	42.15.255.255	2048	20110210
180.148.180.0	180.148.183.255	4	20110214
101.55.0.0	101.55.127.255	128	20110216
101.101.128.0	101.101.255.255	128	20110303
139.150.0.0	139.150.255.255	256	20110314
101.53.64.0	101.53.95.255	32	20110314
49.50.0.0	49.50.3.255	4	20110317
106.96.0.0	106.103.255.255	2048	20110318
106.240.0.0	106.255.255.255	4096	20110329
169.208.0.0	169.223.255.255	4096	20110331
39.16.0.0	39.31.255.255	4096	20110331
202.3.16.0	202.3.31.255	16	20110407
202.8.160.0	202.8.191.255	32	20110407
39.4.0.0	39.7.255.255	1024	20110407
163.255.0.0	163.255.255.255	256	20110407
163.229.0.0	163.229.255.255	256	20110407
163.222.0.0	163.222.255.255	256	20110407
163.213.0.0	163.213.255.255	256	20110407
39.112.0.0	39.127.255.255	4096	20110412
106.10.0.0	106.10.127.255	128	20110412
202.59.216.0	202.59.223.255	8	20110412
203.190.4.0	203.190.7.255	4	20110419
103.2.76.0	103.2.79.255	4	20110422
103.2.92.0	103.2.95.255	4	20110422
103.2.84.0	103.2.87.255	4	20110422
103.3.36.0	103.3.39.255	4	20110429
103.22.220.0	103.22.223.255	4	20110513
103.4.48.0	103.4.51.255	4	20110523
103.10.92.0	103.10.95.255	4	20110613
103.246.56.0	103.246.59.255	4	20110708
103.4.180.0	103.4.183.255	4	20110713
103.4.148.0	103.4.151.255	4	20110713
103.4.176.0	103.4.179.255	4	20110728
103.10.216.0	103.10.219.255	4	20110801
103.5.128.0	103.5.131.255	4	20111006
103.246.236.0	103.246.239.255	4	20111010
103.5.144.0	103.5.147.255	4	20111011
103.11.24.0	103.11.27.255	4	20111012
103.11.44.0	103.11.47.255	4	20111012
103.11.56.0	103.11.59.255	4	20111013
103.11.128.0	103.11.131.255	4	20111025
103.11.248.0	103.11.251.255	4	20111107
103.23.84.0	103.23.87.255	4	20111121
103.23.80.0	103.23.83.255	4	20111121
103.28.64.0	103.28.67.255	4	20111219
103.28.60.0	103.28.63.255	4	20111219
103.247.220.0	103.247.223.255	4	20120210
103.247.232.0	103.247.235.255	4	20120210
103.6.80.0	103.6.83.255	4	20120222
103.6.72.0	103.6.75.255	4	20120222
103.6.100.0	103.6.103.255	4	20120223
103.6.172.0	103.6.175.255	4	20120302
103.7.32.0	103.7.35.255	4	20120315
103.7.244.0	103.7.247.255	4	20120406
103.8.100.0	103.8.103.255	4	20120419
103.8.230.0	103.8.230.255	1	20120507
103.9.32.0	103.9.35.255	4	20120509
103.9.128.0	103.9.131.255	4	20120515
103.13.52.0	103.13.55.255	4	20120608
103.12.248.0	103.12.251.255	4	20120720
103.12.252.0	103.12.255.255	4	20120724
103.13.160.0	103.13.163.255	4	20120725
103.20.116.0	103.20.119.255	4	20120914
103.21.200.0	103.21.203.255	4	20121017
103.30.108.0	103.30.111.255	4	20121102
103.30.160.0	103.30.163.255	4	20121108
103.30.204.0	103.30.207.255	4	20121113
103.31.180.0	103.31.183.255	4	20121129
103.244.40.0	103.244.43.255	4	20121211
103.244.108.0	103.244.111.255	4	20121218
103.19.124.0	103.19.127.255	4	20130403
103.24.8.0	103.24.11.255	4	20130410
103.25.16.0	103.25.19.255	4	20130430
103.248.104.0	103.248.107.255	4	20130520
103.249.28.0	103.249.31.255	4	20130529
103.27.128.0	103.27.131.255	4	20130705
103.27.148.0	103.27.151.255	4	20130705
103.251.104.0	103.251.107.255	4	20130730
103.240.28.0	103.240.31.255	4	20130808
103.240.48.0	103.240.51.255	4	20130809
103.243.200.0	103.243.203.255	4	20131029
103.226.72.0	103.226.75.255	4	20140221
103.226.76.0	103.226.79.255	4	20140221
103.226.96.0	103.226.99.255	4	20140221
103.229.156.0	103.229.159.255	4	20140416
103.230.112.0	103.230.115.255	4	20140430
103.231.128.0	103.231.131.255	4	20140513
45.64.140.0	45.64.143.255	4	20140616
45.64.152.0	45.64.155.255	4	20140616
45.64.172.0	45.64.175.255	4	20140617
150.107.68.0	150.107.71.255	4	20140619
150.107.80.0	150.107.83.255	4	20140619
150.107.84.0	150.107.87.255	4	20140619
103.234.4.0	103.234.7.255	4	20140623
45.64.144.0	45.64.147.255	4	20140623
150.129.224.0	150.129.227.255	4	20140701
103.235.24.0	103.235.27.255	4	20140701
150.242.132.0	150.242.135.255	4	20140704
150.242.144.0	150.242.147.255	4	20140704
163.53.156.0	163.53.159.255	4	20140710
103.237.20.0	103.237.23.255	4	20140710
43.247.104.0	43.247.107.255	4	20140716
43.247.192.0	43.247.195.255	4	20140718
103.238.248.0	103.238.251.255	4	20140729
43.254.244.0	43.254.247.255	4	20140729
103.239.112.0	103.239.115.255	4	20140805
43.255.252.0	43.255.255.255	4	20140808
43.255.248.0	43.255.251.255	4	20140808
103.239.240.0	103.239.243.255	4	20140808
103.239.236.0	103.239.239.255	4	20140808
43.241.104.0	43.241.107.255	4	20140822
43.241.108.0	43.241.111.255	4	20140822
43.242.112.0	43.242.115.255	4	20140901
103.38.24.0	103.38.27.255	4	20140901
43.243.216.0	43.243.219.255	4	20140916
103.39.36.0	103.39.39.255	4	20140916
43.250.152.0	43.250.155.255	4	20141028
103.42.184.0	103.42.187.255	4	20141110
43.251.120.0	43.251.123.255	4	20141110
103.43.64.0	103.43.64.255	1	20141119
43.224.104.0	43.224.107.255	4	20141121
103.43.120.0	103.43.123.255	4	20141121
43.227.120.0	43.227.123.255	4	20141219
43.227.116.0	43.227.119.255	4	20141219
43.228.160.0	43.228.163.255	4	20150105
43.230.0.0	43.230.3.255	4	20150130
103.49.44.0	103.49.47.255	4	20150130
43.230.76.0	43.230.79.255	4	20150203
43.230.80.0	43.230.83.255	4	20150203
43.230.216.0	43.230.219.255	4	20150211
103.50.40.0	103.50.43.255	4	20150211
103.51.200.0	103.51.203.255	4	20150227
45.112.112.0	45.112.115.255	4	20150227
45.112.88.0	45.112.91.255	4	20150227
103.51.168.0	103.51.171.255	4	20150227
45.112.92.0	45.112.95.255	4	20150227
45.112.96.0	45.112.99.255	4	20150227
103.51.176.0	103.51.179.255	4	20150227
103.51.172.0	103.51.175.255	4	20150227
103.51.184.0	103.51.187.255	4	20150227
45.112.116.0	45.112.119.255	4	20150227
103.51.188.0	103.51.191.255	4	20150227
45.112.100.0	45.112.103.255	4	20150227
103.51.192.0	103.51.195.255	4	20150227
45.112.104.0	45.112.107.255	4	20150227
103.51.196.0	103.51.199.255	4	20150227
45.112.108.0	45.112.111.255	4	20150227
45.112.168.0	45.112.171.255	4	20150304
103.51.252.0	103.51.255.255	4	20150304
45.112.164.0	45.112.167.255	4	20150304
103.51.248.0	103.51.251.255	4	20150304
103.51.240.0	103.51.243.255	4	20150304
103.51.244.0	103.51.247.255	4	20150304
45.112.156.0	45.112.159.255	4	20150304
45.112.152.0	45.112.155.255	4	20150304
45.112.160.0	45.112.163.255	4	20150304
45.113.48.0	45.113.51.255	4	20150312
45.113.44.0	45.113.47.255	4	20150312
103.52.200.0	103.52.203.255	4	20150312
103.53.114.0	103.53.114.255	1	20150324
103.55.35.0	103.55.35.255	1	20150417
103.55.188.0	103.55.191.255	4	20150422
45.115.152.0	45.115.155.255	4	20150422
45.117.12.0	45.117.15.255	4	20150513
103.57.60.0	103.57.63.255	4	20150513
103.59.156.0	103.59.159.255	4	20150604
45.119.144.0	45.119.147.255	4	20150608
45.120.64.0	45.120.67.255	4	20150611
45.120.68.0	45.120.71.255	4	20150611
103.60.124.0	103.60.127.255	4	20150611
103.60.120.0	103.60.123.255	4	20150611
45.121.164.0	45.121.167.255	4	20150702
103.62.228.0	103.62.231.255	4	20150709
103.194.108.0	103.194.111.255	4	20150807
45.125.232.0	45.125.235.255	4	20150807
43.246.152.0	43.246.155.255	4	20150820
103.194.252.0	103.194.255.255	4	20150820
58.84.44.0	58.84.47.255	4	20150925
103.7.190.0	103.7.191.255	2	20151029
61.14.208.0	61.14.211.255	4	20151126
103.206.74.0	103.206.75.255	2	20160113
27.0.236.0	27.0.239.255	4	20160203
103.253.240.0	103.253.243.255	4	20160203
139.5.224.0	139.5.227.255	4	20160331
103.212.124.0	103.212.127.255	4	20160331
103.212.248.0	103.212.251.255	4	20160401
160.202.172.0	160.202.175.255	4	20160401
103.212.244.0	103.212.247.255	4	20160401
160.202.176.0	160.202.179.255	4	20160401
103.214.24.0	103.214.27.255	4	20160408
144.48.44.0	144.48.47.255	4	20160408
144.48.40.0	144.48.43.255	4	20160408
103.214.88.0	103.214.91.255	4	20160411
144.48.92.0	144.48.95.255	4	20160411
144.48.100.0	144.48.103.255	4	20160412
157.119.32.0	157.119.35.255	4	20160422
103.215.144.0	103.215.147.255	4	20160422
157.119.36.0	157.119.39.255	4	20160422
103.216.202.0	103.216.203.255	2	20160504
45.248.72.0	45.248.75.255	4	20160504
45.249.64.0	45.249.67.255	4	20160510
45.249.160.0	45.249.163.255	4	20160512
103.218.156.0	103.218.159.255	4	20160512
103.218.160.0	103.218.163.255	4	20160512
45.250.208.0	45.250.211.255	4	20160518
45.250.204.0	45.250.207.255	4	20160518
103.219.128.0	103.219.131.255	4	20160518
103.219.124.0	103.219.127.255	4	20160518
45.250.220.0	45.250.223.255	4	20160519
103.66.192.0	103.66.195.255	4	20160620
103.66.188.0	103.66.191.255	4	20160622
103.68.152.0	103.68.155.255	4	20160707
103.68.148.0	103.68.151.255	4	20160707
103.68.96.0	103.68.99.255	4	20160707
103.254.248.0	103.254.251.255	4	20160707
103.246.172.0	103.246.175.255	4	20160721
202.90.252.0	202.90.255.255	4	20160721
103.74.0.0	103.74.3.255	4	20160902
202.148.48.0	202.148.51.255	4	20160902
103.77.84.0	103.77.87.255	4	20161018
103.79.132.0	103.79.135.255	4	20161118
103.85.80.0	103.85.83.255	4	20170207
103.87.116.0	103.87.119.255	4	20170309
103.90.244.0	103.90.247.255	4	20170420
103.90.209.0	103.90.209.255	1	20170420
202.179.148.0	202.179.151.255	4	20170522
103.105.160.0	103.105.163.255	4	20171212
103.105.156.0	103.105.159.255	4	20171212
103.106.140.0	103.106.143.255	4	20171227
103.109.64.0	103.109.67.255	4	20180209
103.114.62.0	103.114.62.255	1	20180426
103.114.124.0	103.114.127.255	4	20180426
103.117.0.0	103.117.3.255	4	20180611
103.129.184.0	103.129.187.255	4	20180906
103.122.184.0	103.122.187.255	4	20180919
103.124.100.0	103.124.103.255	4	20181031
103.125.108.0	103.125.111.255	4	20181115
103.126.64.0	103.126.67.255	4	20181128
103.127.212.0	103.127.215.255	4	20181226
103.132.32.0	103.132.35.255	4	20190102
103.132.36.0	103.132.39.255	4	20190102
103.138.228.0	103.138.229.255	2	20190508
103.139.84.0	103.139.85.255	2	20190517
103.139.118.0	103.139.119.255	2	20190522
103.139.214.0	103.139.215.255	2	20190607
103.139.216.0	103.139.217.255	2	20190607
123.253.172.0	123.253.175.255	4	20190612
103.140.12.0	103.140.13.255	2	20190614
103.141.18.0	103.141.19.255	2	20190712
103.143.78.0	103.143.79.255	2	20190919
103.143.176.0	103.143.177.255	2	20190930
103.144.30.0	103.144.31.255	2	20191014
103.145.214.0	103.145.215.255	2	20191129
103.146.180.0	103.146.181.255	2	20191218
103.150.62.0	103.150.63.255	2	20200416
103.150.160.0	103.150.160.255	1	20200420
103.150.162.0	103.150.163.255	2	20200420
103.150.204.0	103.150.205.255	2	20200423
103.153.44.0	103.153.45.255	2	20200710
103.157.158.0	103.157.159.255	2	20201021
103.157.208.0	103.157.209.255	2	20201026
103.159.160.0	103.159.161.255	2	20201203
103.161.4.0	103.161.5.255	2	20201229
103.162.52.0	103.162.53.255	2	20210128
103.162.180.0	103.162.181.255	2	20210209
103.164.78.0	103.164.79.255	2	20210316
103.166.222.0	103.166.223.255	2	20210503
103.175.200.0	103.175.201.255	2	20211104
103.178.80.0	103.178.81.255	2	20211221
103.182.126.0	103.182.127.255	2	20220223
103.182.250.0	103.182.251.255	2	20220302
103.186.170.0	103.186.171.255	2	20220421
103.187.34.0	103.187.35.255	2	20220509
103.187.108.0	103.187.109.255	2	20220513
103.188.89.0	103.188.89.255	1	20220526
103.141.190.0	103.141.191.255	2	20220816
103.21.190.0	103.21.191.255	2	20221020
103.21.188.0	103.21.189.255	2	20221020
103.42.60.0	103.42.61.255	2	20221124
103.104.86.0	103.104.86.255	1	20221201
103.71.4.0	103.71.5.255	2	20230118
103.122.144.0	103.122.145.255	2	20230328
103.126.234.0	103.126.235.255	2	20230503
203.160.130.0	203.160.131.255	2	20231016
203.191.134.0	203.191.135.255	2	20231016
103.67.58.0	103.67.59.255	2	20231018
115.187.20.0	115.187.21.255	2	20231114
180.94.4.0	180.94.4.255	1	20231121
157.66.64.0	157.66.65.255	2	20240403
160.30.106.0	160.30.107.255	2	20240813
160.30.229.0	160.30.229.255	1	20240902
160.30.235.0	160.30.235.255	1	20240902
160.30.232.0	160.30.233.255	2	20240902
160.187.186.0	160.187.187.255	2	20241007
160.250.154.0	160.250.155.255	2	20241203
160.250.152.0	160.250.153.255	2	20241203
